category,coverage_range,community_units,total_population,exposed_population,avg_coverage
No Flood (0%),0-1%,8423,77443.42,0.0,0.0
Minor (1-25%),1-25%,532,3829.2085,319.4304,8.060329407453537
Moderate (25-50%),25-50%,116,1016.04803,354.1777,35.57155132293701
Severe (50-75%),50-75%,48,373.7441,226.60582,60.24682521820069
Extreme (75-100%),75-100%,11,40.55774,37.448967,90.27616381645204
