influence_category,pixel_count,total_population,mean_influence_score,mean_distance_m
Low,3062,35923.316,11.367914,682.5630359476482
Medium,3062,27498.53,23.274086,611.2390449091064
High,3155,20466.328,43.17933,548.0599218734441
