influence_category,pixel_count,total_population,mean_influence_score,mean_distance_m
Low,3062,34586.867,3.1920767,932.622844902546
Medium,3062,34337.414,14.950023,526.8226196715254
High,3155,14963.893,506.44843,387.2992115905839
