risk_category,pixel_count,total_population,mean_risk_score,mean_distance_m
Low,3624,36680.0,0.13748229,922.2437966352528
Medium,3624,40029.637,4.55706,561.787675464358
High,3734,24676.453,1519829.2,306.59818130379773
