risk_category,pixel_count,total_population,mean_risk_score,mean_distance_m
Low,3971,47045.184,6.6815615,770.7054355767865
Medium,3970,41321.094,14.707553,663.134012336554
High,4091,20806.812,69.269135,551.777549788923
